asin,location_and_date,rating,text,title,verified
B09G9CJM1Z,"Reviewed in the United States on October 29, 2023",5.0,"If you're in the market for a tablet with a budget of $300 or less, I highly recommend this option. It stands out as the",just buy it. better than most android tablets,True
B09G9CJM1Z,"Reviewed in the United States on November 9, 2023",5.0,"I bought this iPad as a gift for my mom, and it has been an excellent product so far, she has been using it daily",This iPad Rocks! Very happy with the purchase,True
B09G9CJM1Z,"Reviewed in the United States on November 2, 2023",5.0,"From the moment I unboxed the Apple iPad 9th Generation, I knew it was something special. The sleek design and the brilliant 10.2-inch Retina display",A Stellar Blend of Power and Portability - Apple iPad 9th Gen,True
B09G9CJM1Z,"Reviewed in the United States on November 18, 2023",5.0,"Great little iPad. I had an iPad 2 for years, and loved it. It began to have issues, and I really wasn‚Äôt happy about having",Great for us ‚Äúnon-tech‚Äù people,True
B09G9CJM1Z,"Reviewed in the United States on November 20, 2023",5.0,"Use my tablet for work, reading and streaming video games. It has a decent battery life and charges really fast. Got this one because it",Great value,True
B09G9CJM1Z,"Reviewed in the United States on November 7, 2023",4.0,"Does almost everything you want an iPad to do, supports all of the apps that I have seen or used, has a good size screen",Good budget choice as the lowest-priced current iPad,True
B09G9CJM1Z,"Reviewed in the United States on November 19, 2023",5.0,"This is our 3rd iPad since the advent of iPads, and the 9th generation iPad is wonderful. It does everything we need and is extremely",A great device‚Ä¶,True
B09G9CJM1Z,"Reviewed in the United States on November 14, 2023",5.0,"I've never had an iPad before, but got this for class. I'm not sure anybody really needs convincing to buy an iPad, but if you're",Awesome!,True
B09G9CJM1Z,"Reviewed in the United States on November 2, 2023",5.0,Let me start by saying I HATE APPLE products. But the iPad is the exception. So nice that I ended up buying 2 of them.,Aaaaaaaawesome!!!,True
B09G9CJM1Z,"Reviewed in the United States on November 13, 2023",5.0,i was buying this the same time i was buying my macbook and i was a little hesitant but after purchasing i fell in love!,i love it,True
B0BJLFC67L,"Reviewed in the United States on November 18, 2023",5.0,"Coming from the M1 iPad Air, upgrading to this new M2 iPad Pro with the larger and better screen, is definitely quite the upgrade. Screen",One of the BEST Tablets out there!,True
B0BJLFC67L,"Reviewed in the United States on October 6, 2023",5.0,"I made the leap into the Apple iPad world when I purchased the Apple iPad Pro 12.9-inch (6th Generation) with the M2 chip in August,",A Game Changer For My Studies,True
B0BJLFC67L,"Reviewed in the United States on November 8, 2023",5.0,There is nothing not to like about the big screen iPad Pro.It is extremely powerful. The display is fantastic. And the stereo is great.The virtual,A great tablet computer,True
B0BJLFC67L,"Reviewed in the United States on November 15, 2023",5.0,I wish there was an option for Amazon to leave the package without required password. Also if not home be on standby for a phone,Must be home to receive package,True
B0BJLFC67L,"Reviewed in the United States on October 10, 2023",5.0,I ordered this new iPad Pro 6th generation 12.9 inch brand new as well as the apple pencil second gen. I tell anyone who's going,Happy Artist Here üòÅ,True
B0BJLFC67L,"Reviewed in the United States on October 12, 2023",4.0,"I'm normally a desktop, windows, and android person and rarely ever travel with a device other than my phone. I bought the iPad because I",I like this,True
B0BJLFC67L,"Reviewed in the United States on October 31, 2023",5.0,My husband has been nursing along his old iPad for some time. The screen was cracked and it was extremely slow. So I surprised him,It was a gift,True
B0BJLFC67L,"Reviewed in the United States on November 17, 2023",5.0,"Luv! Ultra long battery life. Got the 2T model because I do a lot of papers, photos, and videos.",Awesome !!,True
B0BJLFC67L,"Reviewed in the United States on November 2, 2023",4.0,Needed something portable but powerful enough to do some basic video editing on the go. This iPad gets it done in style.One thing to watch,"First iPad, impressed.",True
B0BJLFC67L,"Reviewed in the United States on October 16, 2023",5.0,Every Apple product I have owned has been a good quality product and this is no exception. Unfortunately some of the iPads and newer phones,Typical great Apple quality and high price,True
B09G91LXFP,"Reviewed in the United States on July 15, 2023",5.0,"This is my third iPad. My first was an iPad Pro from 2017, second was my iPad Air 5th generation, and then this little guy.",Perfect for carrying with me everywhere!,True
B09G91LXFP,"Reviewed in the United States on August 25, 2023",5.0,"I recently acquired an Apple iPad, and I am absolutely thrilled with its performance and versatility. This device has exceeded my expectations in every way",Exceptional Device for Work and Play - Apple iPad Review,True
B09G91LXFP,"Reviewed in the United States on October 9, 2023",4.0,"First of all, a tablet is certainly the most important or its screen, and ipadmini's screen is precisely the entire ipad product line in the",Flawless? No... It's really not cheap and that's the only downside I guess,True
B09G91LXFP,"Reviewed in the United States on October 8, 2021",3.0,"I've had an iPad Mini 4, 5 and now 6. I use them in the cockpit of a small plane, which is one thing Apple",Kind of a dud of an update,True
B09G91LXFP,"Reviewed in the United States on October 25, 2023",5.0,I initially ordered this on prime but it took 10 days to deliver? Stopped that order and repurchased because it would now be here in,Flawless,True
B09G91LXFP,"Reviewed in the United States on September 18, 2023",4.0,I love the size and the use I get out of it is exactly what it was intended for. I use it mostly for taking,Great purchases,True
B09G91LXFP,"Reviewed in the United States on October 19, 2023",5.0,I already had a full-sized IPad but wanted something I could more easily handle to read books and magazines online in bed. It is so,Easier to Handle,True
B09G91LXFP,"Reviewed in the United States on November 16, 2023",5.0,"Excelente tablet, muy r√°pida, imagen de calidad y liviana y poderosa",iPad mini gen 6,True
B09G91LXFP,"Reviewed in the United States on November 16, 2023",5.0,fast and cool,it's good,True
B09G91LXFP,"Reviewed in the United States on August 31, 2023",4.0,"Love this iPad, almost without issue.I give the iPad 5‚≠ê as it relates to visual, performance, speed, processor, storage, etc.Only 2 ‚≠ê when it comes",Excellent Tablet TERRIBLE Battery,True
B09G9CJM1Z,"Reviewed in the United States on October 17, 2023",4.0,"In the product summary there are clearly pictures of the Apple Pen and Apple keyboard. Under ""About this item"", it includes a detailed description of",Good value for the money,True
B09G9CJM1Z,"Reviewed in the United States on July 23, 2023",5.0,"The Apple iPad (9th Generation) is a powerhouse device that sets a new standard for versatility, performance, and portability. Whether you're a student, a creative",Unleash Your Creativity and Productivity - Apple iPad (9th Generation) Redefines Versatility,True
B09G9CJM1Z,"Reviewed in the United States on October 21, 2023",5.0,I had a Fire 7‚Äù pad that worked OK for years and for the money did good but the this IPad is just much better.,GGGGGREAT,True
B09G9CJM1Z,"Reviewed in the United States on November 20, 2023",5.0,"This was a new iPad and I‚Äôm really enjoying my purchase. It was a great deal and came on time. Everything was in the box,",New Device,True
B09G9CJM1Z,"Reviewed in the United States on July 22, 2023",5.0,My old Ipad Pro hasn‚Äôt worked for over a year and I also needed a new computer - but didn‚Äôt need anything as sophisticated as,Nice IPad.  Larger than I thought it would be but easy to carry in a bag,True
B09G9CJM1Z,"Reviewed in the United States on November 4, 2023",5.0,Setup on second was a dog and pony due to Apple IOS 17 install - which is an Apple issue not Amazon or the Ipad.,So good I have purchased 2 and thinking about a third,True
B09G9CJM1Z,"Reviewed in the United States on November 14, 2023",5.0,I had been wanting an Ipad for so long. I really wanted the pink one but I settled for this one and its great. Comes,Love Love Love My Ipad,True
B09G9CJM1Z,"Reviewed in the United States on October 10, 2023",5.0,"My old iPad was over 15+ years old and even though it still worked, I felt I wanted a new iPad. Love this one! Color",Replaced my old iPad with this!,True
B09G9CJM1Z,"Reviewed in the United States on November 5, 2023",5.0,"I bought this iPad back in March of 2023. I‚Äôve been using it regularly since then with no issues, once I figured things out -","Great investment, you won‚Äôt be let down!",True
B09G9CJM1Z,"Reviewed in the United States on October 6, 2023",5.0,I Purchased an iPad years ago at least 10-12 years ago and just hardly ever used. It wasn‚Äôt impressed with it at all. Recently purchased,Love this iPad,True
B0BJLFC67L,"Reviewed in the United States on October 10, 2023",5.0,"If you have a previous model you‚Äôve logged in keep it near the new unit.It‚Äôll opt for an image scan , and you‚Äôll get options","It‚Äôs like having a race car , revved and ready to go.",True
B0BJLFC67L,"Reviewed in the United States on November 4, 2023",5.0,This was a great upgrade‚Ä¶.it‚Äôs fast this pad can do a-lot more than my old unit‚Ä¶.I would highly recommend,This iPad is a monster‚Ä¶,True
B0BJLFC67L,"Reviewed in the United States on November 4, 2023",4.0,"Not thrilled with battery life when left sitting unused, life seem to be the same the 7 year old IPad it replaced.",Apple,True
B0BJLFC67L,"Reviewed in the United States on October 31, 2023",5.0,"Easy to use, millions of apps, crystal clear display. The best you can buy. Had a Samsung android tablet previously that can‚Äôt compare with this",This tablet sets the standard for all others,True
B0BJLFC67L,"Reviewed in the United States on March 22, 2023",5.0,"Coming from a 2018 iPad Pro 11, I wasn‚Äôt sure it would be worth an upgrade, but decided to try it anyways after I started",Near Perfect Laptop Replacement for Most Users,True
B0BJLFC67L,"Reviewed in the United States on November 8, 2023",5.0,No complaints. Works great. Sleek look and fast speeds.,Favorite IPad by far,True
B0BJLFC67L,"Reviewed in the United States on October 14, 2023",5.0,"Still getting acquainted with the Apple system (longtime Android guy), but am very impressed to date. Got it for use in court; will update review",Crystal clear graphics - impressive numbers of features,True
B0BJLFC67L,"Reviewed in the United States on November 6, 2023",5.0,Tablet is smooth and light,Came is fine,True
B0BJLFC67L,"Reviewed in the United States on October 19, 2023",5.0,"New in box as soon as I signed in with my Apple ID it came with 3 months of Apple Arcade, Apple News just like",Brand new just like it came from apple,True
B0BJLFC67L,"Reviewed in the United States on October 9, 2023",5.0,The addition of Face ID on this unit (which replaced my original iPad Pro) removes the need to continually try to get Touch ID to,Face ID makes signing on a breeze!,True
B09G91LXFP,"Reviewed in the United States on November 1, 2023",5.0,Like the size. I use it mainly for reading.,Works as described,True
B09G91LXFP,"Reviewed in the United States on October 30, 2023",5.0,Ease of use. Great battery life.,Love this ipad. Very light,True
B09G91LXFP,"Reviewed in the United States on October 26, 2023",5.0,I love how it‚Äôs easy to carry and etc love love love,It works well,True
B09G91LXFP,"Reviewed in the United States on October 22, 2023",4.0,Loved the price ($399) on prime day. Did not receive color ordered (purple) - got grey instead - but not a big deal since I,Good deal on sale for prime day!,True
B09G91LXFP,"Reviewed in the United States on October 27, 2023",5.0,"Nothing to dislike, compact does and performsExactly",Excellent tablet,True
B09G91LXFP,"Reviewed in the United States on October 11, 2023",5.0,The A15 chip is super fast and allows multiple apps to be used without any slowdown. I upgraded from a 3rd gen iPad mini and,Small but powerful tablet,True
B09G91LXFP,"Reviewed in the United States on October 5, 2023",5.0,"I was hesitant to buying a used Ipad on here. I did and the Ipad was in amazing conditions, reset and ready to sign into.",USED IPAD,True
B09G91LXFP,"Reviewed in the United States on September 4, 2023",5.0,"I bought this a few days ago because my 2nd Gen iPad Mini, though still functioning beautifully, now has reached the limit of its iOS",Apple seems to make lovely products,True
B09G91LXFP,"Reviewed in the United States on October 30, 2023",5.0,Used for work,All was in order,True
B09G91LXFP,"Reviewed in the United States on July 13, 2023",5.0,The first thing that impressed me about the Ipad mini is the weight and how it feels to hold it in one hand. You can,"Nice weight, feels good to hold.",True
B09G9CJM1Z,"Reviewed in the United States on September 17, 2023",5.0,I carefully researched for an iPad that would be compatible for drawing and sketching because I love creating art. This ipad was affordable and works,Love It!,True
B09G9CJM1Z,"Reviewed in the United States on October 17, 2023",5.0,I got this for school and it works well. It helps me write notes and what not. Thin and isn‚Äôt too heavy. Pairs well with,Good for school,True
B09G9CJM1Z,"Reviewed in the United States on October 5, 2023",5.0,"I can 3D sculpt, I can draw, I can do some simple cad. I can even animate or just watch some shows. Or even use",I can do everything I want on it,True
B09G9CJM1Z,"Reviewed in the United States on October 14, 2023",5.0,I needed a new iPad and chose this slightly older version due to price. My only regret was that I should have chosen one with,Good value for new iPad,True
B09G9CJM1Z,"Reviewed in the United States on November 12, 2023",5.0,Got this for my fitness plus content be happier. Better than joining a gym. Can use this when the tv is occupied. And it‚Äôs a,Finally,True
B09G9CJM1Z,"Reviewed in the United States on October 16, 2023",5.0,"Grandson had a Mini-4, broke the screen but was limping through it so was going to buy a refurbished Mini-4 but this deal on this",Oh Ya,True
B09G9CJM1Z,"Reviewed in the United States on October 18, 2023",5.0,This ipad came new and in box it was also charged to 64% as well i‚Äôve had it for 4-5 days now and I can,Great Product,True
B09G9CJM1Z,"Reviewed in the United States on November 1, 2023",5.0,This Apple I Pad has been a joy to use!I am new to I Pads and I have yet to get stuck in programming this,9th Gen Apple I Pad Review,True
B09G9CJM1Z,"Reviewed in the United States on November 2, 2023",5.0,My grandma isn‚Äôt technically savvy but she wanted a way to stay in touch through social media. The Apple IOS is such a simple environment,Purchased for my grandma ü•∞,True
B09G9CJM1Z,"Reviewed in the United States on September 3, 2023",5.0,I needed a basic iPad that would work for my small children and not cost me an arm and a leg. This is Apple's cheapest,Works great for the kids,True
B0BJLFC67L,"Reviewed in the United States on October 12, 2023",5.0,"I love my iPad, so far it has worked great for me as a second device to travel and work with.I am very happy with",iPad 12.9 6th Gen,True
B0BJLFC67L,"Reviewed in the United States on October 20, 2023",5.0,Works great out of the box. Intuitive. No issues so far.,Works great,True
B0BJLFC67L,"Reviewed in the United States on October 21, 2023",5.0,Great for drawing on love it,Tablet,True
B0BJLFC67L,"Reviewed in the United States on September 27, 2023",4.0,"My volume control buttons are reversed. It's supposed to be new so hopefully it is, it looks new. Other than that it works perfectly.",Volume control,True
B0BJLFC67L,"Reviewed in the United States on September 25, 2023",5.0,"It is used in my insurance business for taking Medicare and other health applications. So far I love it - no spam in emails, no",Dependable IPad Pro,True
B0BJLFC67L,"Reviewed in the United States on October 12, 2023",5.0,Love it but very large and makes handles it slightly difficult,I pad,True
B0BJLFC67L,"Reviewed in the United States on October 15, 2023",5.0,Display is great. The weight and performance is all good.,My great grandson loves it. It is a birthday gift for him and he was excited.,True
B0BJLFC67L,"Reviewed in the United States on September 24, 2023",5.0,My other I Pad was about to bite the dust. I wanted another 12.5 screen like I had. I looked and compared prices. Amazon‚Äôs prices,Great I Pad,True
B0BJLFC67L,"Reviewed in the United States on September 30, 2023",5.0,My kids took over my old ipad. Didn't realize how outdated it was!,Love the features!,True
B0BJLFC67L,"Reviewed in the United States on September 29, 2023",5.0,The packaging was great and this is the best I pad we have ever owned,Love Ipads,True
B09G91LXFP,"Reviewed in the United States on October 29, 2023",4.0,Great but the screen isn‚Äôt bright enough,Great but,True
B09G91LXFP,"Reviewed in the United States on October 19, 2023",5.0,My favorite tablet. I use it everyday and I love it.,Use it as much or more than my phone.,True
B09G91LXFP,"Reviewed in the United States on September 10, 2023",5.0,Honestly i bought it thinking i'll hate it since i mostly use android products but i was pleasantly surprised of how easy it is and,Love it,True
B09G91LXFP,"Reviewed in the United States on October 14, 2023",5.0,A little overpriced than regular ipad. Appe‚Äôs shrewd marketing decision I suppose.,"Convenient size, super nice tablet.",True
B09G91LXFP,"Reviewed in the United States on September 10, 2023",5.0,"super smal (id say the size of a composition notebook) l, portable, and lightweight. its a little bit overpriced but it was worth the money!!",super cute,True
B09G91LXFP,"Reviewed in the United States on October 7, 2023",3.0,"I have an iPad Pro 12.9"", mostly for reading music at the piano, and a new iPhone 15 Pro. I purchased the iPad Mini on","Wanted to love it, but...",True
B09G91LXFP,"Reviewed in the United States on November 4, 2022",5.0,"First let me tell you I was hesitant about buying an iPad Mini. I even considered buying an iPad Pro: I have had two 9.7""",I love this tiny toy!,True
B09G91LXFP,"Reviewed in the United States on October 10, 2023",5.0,I love it. Perfect size for travel works great around the house. Very good purchase.,Powerful,True
B09G91LXFP,"Reviewed in the United States on July 20, 2023",5.0,"First I will say that I wish there was an alternative, but there is no other small tablet that can compete with the iPad Mini",Nothing comes close,True
B09G9CJM1Z,"Reviewed in the United States on October 16, 2023",5.0,I bought this for my mother. She doesn‚Äôt need all the extras so I saw the price on this and definitely went for it! She‚Äôs,Excellent purchase,True
B09G9CJM1Z,"Reviewed in the United States on October 6, 2023",5.0,"The screen is wide enough. No need to strain your eyes. My kid uses it for his home work, project work and to watch cartoons.",Value for money,True
B09G9CJM1Z,"Reviewed in the United States on October 20, 2023",5.0,"I'm completely convinced the iPad we bought for my daughter was new. There wasn't 1 single mar, blemish, mark, scratch, NOTHING on the Pad. The",I'm convinced ours was new,True
B09G9CJM1Z,"Reviewed in the United States on November 15, 2023",5.0,Came in quick. It came in the right color and the right Gb. No scratchs or no cracks. It had the charger cable and box.,Came in fast,True
B09G9CJM1Z,"Reviewed in the United States on October 10, 2023",5.0,Purchased this device with a specific purpose in mind and that was to be able to slo-mo video my golf swing. Works great. Simple to,Great Value for the Price!,True
B09G9CJM1Z,"Reviewed in the United States on October 15, 2023",5.0,I use my iPad all the time since I don‚Äôt have a computer. My old one was at least six years old and the battery,Love my new iPad and got it at a great price on Prime Sale Day,True
B09G9CJM1Z,"Reviewed in the United States on September 7, 2023",4.0,I bought the 9th Generation for its price on Prime Day. I had to upgrade it to download from my iPhone 13 but that wasn‚Äôt,Nice but returned,True
B09G9CJM1Z,"Reviewed in the United States on October 16, 2023",5.0,Bought this as a gift and the receiver loved it! Can't go wrong with an Apple iPad. It arrived amazingly quickly in perfect condition.,Love it!,True
B09G9CJM1Z,"Reviewed in the United States on October 24, 2023",5.0,Mu husband used a 5+ year old Fire Tablet that was just dying a slow death. I bought him this iPad as a replacement and,Husband Loves his Fire Tablet Replacement,True
B0BJLFC67L,"Reviewed in the United States on April 26, 2023",5.0,"This IPad has been great. I‚Äôve never owned something this expensive or fast, so it was a bit of a learning process for my uneducated","Works Great, Bought used not even a scratch",True
B0BJLFC67L,"Reviewed in the United States on September 26, 2023",5.0,Love apple products always a positive experience,Wonderful,True
B0BJLFC67L,"Reviewed in the United States on November 29, 2022",4.0,"The 2022 iPad Pro with the M2 chip is not perfect, but it is the best tablet on the market. And in this reviewer's humble",A Minimally Flawed Beast,True
B0BJLFC67L,"Reviewed in the United States on September 29, 2023",5.0,.,So far in love w/ new Ipad,True
B0BJLFC67L,"Reviewed in the United States on September 17, 2023",5.0,"The media could not be loaded. My daughter will be using IPad for her cricket! Set was easy, works fast, place to put your pen,","Great size, easy set, fast with apps, very nice!",True
B0BJLFC67L,"Reviewed in the United States on June 25, 2023",5.0,"At first I thought do I really need the 12.9 inch ,coming from the 10.2 I thought,I‚Äôd try it first from Amazon ,for 30 days","Wow ,I Love The Size of 12.9 ,So much To SEE !",True
B0BJLFC67L,"Reviewed in the United States on July 17, 2023",4.0,I have a several years old ipad Pro 11. It seems as fast as my new 12.9 and the screen looks as sharp and bright.,Consider the size and weight before buying,True
B0BJLFC67L,"Reviewed in the United States on September 11, 2023",5.0,M2 chip is very fast. Best ipad i;ve had but also most exxpensive. worth it,best of the best,True
B0BJLFC67L,"Reviewed in the United States on August 30, 2023",5.0,"I am really happy about my purchase, it‚Äôs a gift for my mother in law, there is nothing to complain about it!.We all have iPads",iPad Pro 6th generation,True
B09G91LXFP,"Reviewed in the United States on September 13, 2023",4.0,"As stated in the headline, no home button. You sort of have to fling things off the screen. If you like that, it probably works",The removal of the home button is a problem.,True
B09G91LXFP,"Reviewed in the United States on September 25, 2023",5.0,Find not issues and works perfect. I like how I can use this easily for work. I would recommend this for students and medical/health students,Amazing!!,True
B09G91LXFP,"Reviewed in the United States on July 10, 2023",4.0,At first I was curious and OMG I LOVE IT SO MUCH but I receive THE WRONG COLOR but I LOVE PURPLE which I got,GREAT IPAD,True
B09G91LXFP,"Reviewed in the United States on June 26, 2023",5.0,"What I use it for:- Note Taking- Planner/Calendar- Media Consumption (Video, books, games)- Communication (Email, Other apps)- SketchingThoughts:An overall great device, despite being a 2021",Perfect device for my use case!,True
B09G91LXFP,"Reviewed in the United States on October 1, 2023",5.0,"Not too big not too small, just the right size to fit your hands",Best mini,True
B09G91LXFP,"Reviewed in the United States on April 24, 2023",4.0,This mini is great - except be aware that if you need to do a return it could be challenging to say the least. I,Buy Apple support!,True
B09G91LXFP,"Reviewed in the United States on September 2, 2023",5.0,I am a senior citizen and struggle with the setup instructions some times ~ BUT THIS in my ‚ÄúSaving Grace‚Äù! It was easy to setup!,A Saving Grace,True
B09G91LXFP,"Reviewed in the United States on October 8, 2023",5.0,good quality,new,True
B09G91LXFP,"Reviewed in the United States on September 17, 2023",5.0,I bought this unit as a designated control for our audio system on our new yacht as suggested by the builders tech guy. So far,Controls our audio.,True
B09G91LXFP,"Reviewed in the United States on October 2, 2023",5.0,Awesome product and works well.,Mini ipad 6th gen,True
B09G9CJM1Z,"Reviewed in the United States on October 24, 2023",5.0,I didn't want to spend the money on a 10th generation iPad. This 9th generation is just great. It fits all my needs perfectly. I,Great Device - Last Generation,True
B09G9CJM1Z,"Reviewed in the United States on October 28, 2023",5.0,I love this iPad. It can handle anything I throw at it and should last many years. It's well worth the price for an older,Well worth the money!,True
B09G9CJM1Z,"Reviewed in the United States on October 10, 2023",5.0,"For over a decade, I thought anyone who spent the money on an iPad was an idiot. I bought one Android tablet after another because",SOOOOOO much better than cheap Android tablets,True
B09G9CJM1Z,"Reviewed in the United States on October 4, 2023",5.0,I am not a tech person. Functions for this tablet was extremely easy to learn. Synched easily with my Apple I-Phone. I liked the price.,Syncs With Apple I-Phone,True
B09G9CJM1Z,"Reviewed in the United States on November 12, 2023",5.0,Our iPad crashed during work one day and this came in quickly and ready to go. Packaging was normal for an Apple product. Simply logged,Perfect for what we need,True
B09G9CJM1Z,"Reviewed in the United States on October 22, 2023",5.0,"Very happy, I thought I had the wrong power cable, did not push hard enough to insert the cable! Go it now!",HAPPY,True
B09G9CJM1Z,"Reviewed in the United States on October 10, 2023",5.0,Well this iPad is miles ahead of my old iPad. It changed my old habit of just using the iPad for playing games.,Great device!,True
B09G9CJM1Z,"Reviewed in the United States on September 30, 2023",5.0,I don't know much about the electronics. This ipad is amazing with the price it comes. I thought ipad were expensive but as I found,Amazing,True
B09G9CJM1Z,"Reviewed in the United States on November 17, 2023",5.0,Got it for my wife and when we FINALLY got the download she's loving everything about it. Used it ALL day without recharge.,Wifey LOVES it!,True
B09G9CJM1Z,"Reviewed in the United States on November 10, 2023",5.0,Charges quick huge screen value for the money storage memory storage perfect what I need easy to operate my wife loves it use it for,Apple iPad,True
B0BJLFC67L,"Reviewed in the United States on September 15, 2023",5.0,YES üíØüôå works like you just walked into apple and broke the plastic off! Absolutely Perfect condition!!,Like new?,True
B0BJLFC67L,"Reviewed in the United States on September 5, 2023",5.0,"I am so happy with this iPad. Using it as I type! Large screen, easily set up, holds a good charge. Beautiful colors on screen!",In LOVE,True
B0BJLFC67L,"Reviewed in the United States on August 20, 2023",5.0,I bought this to replace my aging Samsung S8+. It kept crashing so I got this one and it works well with Chrome without problems,Works well,True
B0BJLFC67L,"Reviewed in the United States on June 16, 2023",5.0,"I had a first gen iPad Pro I got back in 2015 which I use pretty much exclusively for art, and tech has come a",Fantastic Product,True
B0BJLFC67L,"Reviewed in the United States on September 13, 2023",5.0,Excellent product,It‚Äôs exactly what I expected,True
B0BJLFC67L,"Reviewed in the United States on July 18, 2023",5.0,"So I was skeptical about buying, because come on, it‚Äôs Amazon lol. But I absolutely love the iPad, very expensive considering prices from other dealers",Skeptical,True
B0BJLFC67L,"Reviewed in the United States on August 23, 2023",5.0,"This is my first iPad and I am in LOVE. it runs so smooth and paired with the apple pencil, there is pretty much zero",Yes! 100% yes.,True
B0BJLFC67L,"Reviewed in the United States on August 17, 2023",5.0,What can I say apple makes a good product. Alway has up to date experience The transfer took Ten minutes. And I had 60 gig,I pad pro is sweet,True
B0BJLFC67L,"Reviewed in the United States on July 16, 2023",5.0,I bought this with the intention of using it for digital art and I was not disappointed. It's a great device. A lightweight and compact,Best purchase I've made,True
B0BJLFC67L,"Reviewed in the United States on July 31, 2023",4.0,Works,Works,True
B09G91LXFP,"Reviewed in the United States on September 1, 2023",4.0,"I love this 6th generation iPad mini, except for the battery life. I have to charge it twice a day. The battery on my old",poor battery life,True
B09G91LXFP,"Reviewed in the United States on June 24, 2023",5.0,"Been an Apple user since 1980, and most Apple devices over time. This model of iPad mini, is another super hit on the small tablet","Works super well, and is worth the price",True
B09G91LXFP,"Reviewed in the United States on May 28, 2023",5.0,So I'm a pretty big techie and love new tech. I currently am using an iPad mini 5 and I got this originally to see,"Great iPad, but did Return",True
B09G91LXFP,"Reviewed in the United States on September 30, 2023",5.0,Excellent item with excellent features.,It is not a cell-phone.,True
B09G91LXFP,"Reviewed in the United States on August 27, 2023",5.0,"Power in the palm of your hand. Music, movies - everything the bigger brothers do in a compact and easily transportable size. Although it doesn‚Äôt",It‚Äôs an Apple product-of course it‚Äôs tops!,True
B09G91LXFP,"Reviewed in the United States on September 27, 2023",5.0,A great device between phone and laptop,Perfect fit for my ecosystem,True
B09G91LXFP,"Reviewed in the United States on October 1, 2023",5.0,"Love, love it",Retired,True
B09G91LXFP,"Reviewed in the United States on September 30, 2023",5.0,Good for price,Good,True
B09G91LXFP,"Reviewed in the United States on August 18, 2023",5.0,"I bought this iPad for my 7 year old daughter. Although (or maybe because) I am well versed in technology and appreciate its philosophy, I",Great iPad Mini,True
B09G91LXFP,"Reviewed in the United States on September 3, 2023",5.0,I‚Äôve been geeked over getting an Ipad for months but didn‚Äôt want to pay $500 for it. Until I saw Amazon had it for its,It‚Äôs perfect.,True
B09G9CJM1Z,"Reviewed in the United States on November 18, 2023",5.0,"I have nothing bad to say about this case, it is solid, works with my wireless charger and is very secure.",This case is awesome,True
B09G9CJM1Z,"Reviewed in the United States on October 13, 2023",5.0,"It is a new iPad, in an unopened box. Would not expect it to be anything other than great Apple quality, which it is. My","Better than Apple, because it was less expensive than Apple",True
B09G9CJM1Z,"Reviewed in the United States on October 20, 2023",5.0,This is a replacement for printing out hundreds of pages for college!! I love that it‚Äôs connected to my phone as well,I love it!!,True
B09G9CJM1Z,"Reviewed in the United States on November 6, 2023",4.0,"The iPad 9th generation offers great value for its price, featuring a powerful A13 Bionic chip that ensures smooth performance in everyday tasks and apps.",Good value but missing some features,True
B09G9CJM1Z,"Reviewed in the United States on November 5, 2023",5.0,This is the best tablet for my child. I can use guided access to lock her into a game or to lock her out of,Best choice for toddlers,True
B09G9CJM1Z,"Reviewed in the United States on November 19, 2023",5.0,Always works great and I already have on in my store for a customer kiosk for data entry. I love Apple products.,It an IPAD!,True
B09G9CJM1Z,"Reviewed in the United States on October 15, 2023",5.0,Newer version of one I had for 7 years that finally stopped working. I dont use a lot of apps so this one suits my,Great iPad,True
B09G9CJM1Z,"Reviewed in the United States on September 25, 2023",5.0,Finally upgraded from my 2014 iPad and it‚Äôs so much better ! Should have bought this sooner. Works great and has many new features and,Excellent Apple IPad,True
B09G9CJM1Z,"Reviewed in the United States on October 17, 2023",5.0,I have used this iPad for 3 days without charging it is still at 52 percent. It is really fast and holds a charge for,Long battery life,True
B09G9CJM1Z,"Reviewed in the United States on October 26, 2023",5.0,Wonderful and affordable upgrade from my ipad mini. Brand new in original Apple box with charging cord and USB C box.,Great deal on brand new ipad,True
B0BJLFC67L,"Reviewed in the United States on May 29, 2023",4.0,"You can‚Äôt beat some of the art apps available. I would not replace my computer with it though. My school is google based, and the","Great for some things, meh for others.",True
B0BJLFC67L,"Reviewed in the United States on August 26, 2023",5.0,"I use it constantly, couldn‚Äôt be happier. The screen is crystal clear, scrolling smooth, very fast.",Excellent.,True
B0BJLFC67L,"Reviewed in the United States on August 15, 2023",5.0,Can I still purchase the 2 year Apple protection plan? I received my new iPad about a week ago and I love it but now,Apple protection plan,True
B0BJLFC67L,"Reviewed in the United States on September 13, 2023",3.0,"Though the iPad is a great platform for tasks/art, etc., this particular model drops Wi-Fi connectivity constantly. Compared to my older model 12.9‚Äù series 4,",WiFi connectivity is rather poor,True
B0BJLFC67L,"Reviewed in the United States on August 12, 2023",5.0,This product is AMAZING the quality is perfect! (Almost too perfect I can see actors poresüòÇ) the sound is high quality and it charges fast,Love this,True
B0BJLFC67L,"Reviewed in the United States on July 17, 2023",5.0,This is my second pro and appreciate its quality. Mirrors my iPhone in every way. The large size is excellent for reading and streaming. Apples,Great device.,True
B0BJLFC67L,"Reviewed in the United States on July 5, 2023",4.0,Es buena esta cara üòÇ,Bueno,True
B0BJLFC67L,"Reviewed in the United States on October 11, 2023",3.0,"I did not receive the pen and the keyboard that goes with this iPad. It clearly states in the description what comes with it, those",Missing Pen & Keyboard,True
B0BJLFC67L,"Reviewed in the United States on August 28, 2023",5.0,It‚Äôs Apple. Pretty self explanatory,As expected,True
B0BJLFC67L,"Reviewed in the United States on February 24, 2023",5.0,"I am using this as my primary tool for writing, emails, news, weather, and information gathering in general. It is working well for me. The",IPad 12.9‚Äù,True
B09G91LXFP,"Reviewed in the United States on August 14, 2023",5.0,"I love my Apple mini, but my first one was so old that it no longer updated and was 4.6 updates behind. When the newest",Its Apple!,True
B09G91LXFP,"Reviewed in the United States on September 9, 2023",4.0,Performance and durability is as expected. Worth every penny!,Good enough,True
B09G91LXFP,"Reviewed in the United States on September 24, 2023",5.0,.,Great product!,True
B09G91LXFP,"Reviewed in the United States on July 29, 2023",5.0,"If you‚Äôre worried this iPad is too small, it‚Äôs not. The weight is perfect if you want to read a lot on your tablet. Admittedly,",I really do love it!,True
B09G91LXFP,"Reviewed in the United States on September 14, 2023",5.0,Apple has never let me down. I am Apple all the way,Apple is the best,True
B09G91LXFP,"Reviewed in the United States on December 28, 2022",5.0,"Steve Jobs would be proud! Honestly, I love this and the iPhone mini. I have really small hands and both devices are comfortable to use.I",Best iPad Ever!,True
B09G91LXFP,"Reviewed in the United States on August 27, 2023",5.0,"Needed one that does it all, but just wish more storage was affordable. The ability to use 2nd gen Apple Pencil is nice too though!",Stunning first iPad!,True
B09G91LXFP,"Reviewed in the United States on August 13, 2023",5.0,"This is my third mini IPad, the previous two of much earlier generations. It is responsive, has sharp images and excellent readability. Given the power",It's Still an Apple Winner,True
B09G91LXFP,"Reviewed in the United States on September 11, 2023",5.0,really like the size to hold in one hand,small size is sweet spot between phone and a full size tablet,True
B09G91LXFP,"Reviewed in the United States on September 11, 2023",5.0,Love the size as I take this with me for work and travel.,It‚Äôs an Apple,True
B09G9CJM1Z,"Reviewed in the United States on October 20, 2023",5.0,"Apple is the best line of products for me. It is dependable, user friendly, and has a superb customer service Dept.",Couldn't beat Apple's dependability and Amazon's price.,True
B09G9CJM1Z,"Reviewed in the United States on August 31, 2023",5.0,My 5 year old iPad was ready to give up the ghost so after some research decided to buy the 9th gen. instead of the,Best value in an iPad at this time,True
B09G9CJM1Z,"Reviewed in the United States on October 10, 2023",5.0,"This 9th gen iPad is the best value for money, at around two hundred fifty bucks on sale.If you're willing to spend about twice as",Best budget/value for money iPad,True
B09G9CJM1Z,"Reviewed in the United States on October 18, 2023",5.0,Excellent IPad. Fast shipping. The only problem I had was transferring everything from my old IPad to my new one. Mostly because of my age,Apple Ipad,True
B09G9CJM1Z,"Reviewed in the United States on October 9, 2023",5.0,"I love this iPad. I used to have the iPad Mini, because I liked the portable size, like a book, but now I'm happy with","Great price, great product!",True
B09G9CJM1Z,"Reviewed in the United States on October 20, 2023",5.0,Bought this as a gift for my mom for Mother‚Äôs Day and she is very happy with it. She used to watch series and movie,Mom loves it!,True
B09G9CJM1Z,"Reviewed in the United States on November 3, 2023",5.0,This version is a welcome upgrade for me from 7th generation. Works very well for me and great value!,Love my IPad!,True
B09G9CJM1Z,"Reviewed in the United States on October 13, 2023",5.0,"My wife's old ipad was from 2013- ten years old! So naturally this is faster, but wow! She is thrilled.",SO MUCH FASTER,True
B09G9CJM1Z,"Reviewed in the United States on November 15, 2023",5.0,Got a fantastic price for this IPAD as I was using the 7th generation. Great battery life also! Highly recommend!,Great IPAD for a Great price,True
B09G9CJM1Z,"Reviewed in the United States on October 15, 2023",5.0,I‚Äôm not sure if it‚Äôs apple refresh or brand new. But a great deal and even better I pad.,Awesome,True
B0BJLFC67L,"Reviewed in the United States on February 6, 2023",5.0,EVERYONE AT WORK USES AN I PAD SO THEY DONT HAVE TO CARRY AROUND BRIEFCASES OF PAPER WITH ALL OUR LEADS ECT IM IT. MY,LOVE IT BEEN WANTING ONE FOR A WHILE AND MY UNCLE ORDERED FOR ME FOR CHRISTMAS,True
B0BJLFC67L,"Reviewed in the United States on August 23, 2023",5.0,Awesomeness and loving the new connectivity to external peripherals aka flatscreen tv; I run solely on cellular data.,upgrade from iPad Air 2 RIP,True
B0BJLFC67L,"Reviewed in the United States on August 20, 2023",5.0,Muy buena experiencia con mi nueva IPad 6ta generaci√≥n pro,Buena compra,True
B0BJLFC67L,"Reviewed in the United States on August 21, 2023",5.0,"Fast iPad, works great",iPad 2022,True
B0BJLFC67L,"Reviewed in the United States on August 22, 2023",5.0,Good product,All good,True
B0BJLFC67L,"Reviewed in the United States on August 8, 2023",5.0,My fifth iPad and this one is a rocket. Wow!,Fast!,True
B0BJLFC67L,"Reviewed in the United States on July 1, 2023",5.0,"I bought this item for my daughter's graduation, it was too big so I bought her a 10.9 for her and kept the 12.9... I",I'm a iPad fan now!,True
B0BJLFC67L,"Reviewed in the United States on October 2, 2023",3.0,No Original accessories for 50-60$ less price then new one !iPad had no scratches tho !,Does not come with orignal accessories !,True
B0BJLFC67L,"Reviewed in the United States on February 9, 2023",5.0,I‚Äôve been an Apple user since the early 90s. Im super happy with the new ipad M2. Was everything I expected.. Im a published photographer,Lightning Fast M2!!!!,True
B0BJLFC67L,"Reviewed in the United States on August 18, 2023",5.0,Love it.,Great,True
B09G91LXFP,"Reviewed in the United States on July 23, 2023",4.0,"The iPad mini 6 is an excellent device with powerful performance and portability, suitable for everyday use and entertainment. Its new design and updated processor",worth,True
B09G91LXFP,"Reviewed in the United States on July 15, 2023",5.0,"The Mimi is small and fast, lightweight and easy to operate even for a senior. It fits well in my case and in my bag.I",This is an amazing little tablet,True
B09G91LXFP,"Reviewed in the United States on August 14, 2023",5.0,I watch sports and my wife doesn‚Äôt so i bought her a tablet so she can watch whatever she likes. We loaded up the right,Perfect bedside,True
B09G91LXFP,"Reviewed in the United States on August 18, 2023",4.0,Don't get suckered by the marketing. There is no Apple pencil in the box.,NO pencil,True
B09G91LXFP,"Reviewed in the United States on July 20, 2023",5.0,"always thought that the screen of iPhone is too small, so I got this and loved it. Bigger screen with slightly heavier weight makes it",Apple product is just worth it,True
B09G91LXFP,"Reviewed in the United States on September 12, 2023",5.0,Good,Timely delivery,True
B09G91LXFP,"Reviewed in the United States on August 30, 2023",5.0,Works so much faster than my mini 4,Size and response,True
B09G91LXFP,"Reviewed in the United States on August 24, 2023",5.0,Replaced an older iPad mini. Nice to have one that is up to date and it's faster.,Works fine screen is great,True
B09G91LXFP,"Reviewed in the United States on May 16, 2022",4.0,"Okay, I admit it, I still own and use my iPad mini 2nd generation device but unfortunately these days many of my apps are demanding",Nice update for the iPad mini but more would be better,True
B09G9CJM1Z,"Reviewed in the United States on November 19, 2023",5.0,"Love everything about it EXCEPT the battery, it only lasts a couple of hours before you have to recharge it",Crisp clear pictures,True
B09G9CJM1Z,"Reviewed in the United States on September 22, 2023",5.0,This was gift to myself. This is my first iPad. I have not put it down since it delivered two days ago!! The wide screen,Easy access across devices,True
B09G9CJM1Z,"Reviewed in the United States on September 25, 2023",5.0,I purchased this IPad tablet for the Point of Sale in my wife's store. As her very inexpensive IT guy my research indicated it will,Good Value,True
B09G9CJM1Z,"Reviewed in the United States on November 10, 2023",5.0,This is my fourth refurbished one. I‚Äôm an apple person. This one is nice and I use it every day. I‚Äôve never had a problem,iPad 9th generation,True
B09G9CJM1Z,"Reviewed in the United States on November 8, 2023",5.0,Love being able to use my apps on a larger screen. Playing games and watching movies is amazing!,Good for my diminishing eyesight,True
B09G9CJM1Z,"Reviewed in the United States on October 20, 2023",4.0,"So far I am very pleased with this tablet. However, I wish it had the Face ID feature found in higher-end models. Overall, the 9th",Nice Tablet,True
B09G9CJM1Z,"Reviewed in the United States on October 8, 2023",5.0,I was a little skeptical about buying an iPad from Amazon but I am really glad I did. It came in great condition and considering,IPAD,True
B09G9CJM1Z,"Reviewed in the United States on September 19, 2023",5.0,"I always loved ipad, and this one definitely is the best you can get for the money you pay, good battery life, good screen performance",Best value,True
B0BJLFC67L,"Reviewed in the United States on July 29, 2023",5.0,Case is easy to install and offers good protection. Like the magnetic feature for holding stylus. Would recommend and buy again.,Good value,True
B0BJLFC67L,"Reviewed in the United States on August 6, 2023",5.0,Wow ! Love it! Big beautiful screen,Apple I-Pad Pro,True
B0BJLFC67L,"Reviewed in the United States on January 26, 2023",4.0,Bought this tablet for classes. I chose WiFi and cellular for those days with power outages that I can use data to continue my classes.,Good but‚Ä¶,True
B0BJLFC67L,"Reviewed in the United States on June 23, 2023",5.0,"Cheap iPad for kids. It‚Äôs an iPad. They are currently still updating them. It‚Äôs just for video watching, some small games, etc. Great for a",iPad for kids,True
B0BJLFC67L,"Reviewed in the United States on August 11, 2023",5.0,IT WORKS,THAT IT WORKS,True
B0BJLFC67L,"Reviewed in the United States on June 26, 2023",5.0,After so much research and thinking about what I wanted I finally took the plunge and bought this one and am extremely happy with it.,Perfection.  A plus,True
B0BJLFC67L,"Reviewed in the United States on June 12, 2023",5.0,Seller and ipad is great but apple is having trouble with this ipad after a couple weeks it won‚Äôt power on. But apple had be,iPad,True
B0BJLFC67L,"Reviewed in the United States on August 12, 2023",5.0,Playing games,The large screen was great,True
B0BJLFC67L,"Reviewed in the United States on January 28, 2023",5.0,I ordered this to replace my last one as it fell from my bike and was ran over by vehicles. This is the latest one,Exactly what I ordered as described.,True
B0BJLFC67L,"Reviewed in the United States on July 6, 2023",5.0,Bought for my wife. She loves it and I have to admit it is the best tablet I have seen. Not cheap but it seems,Great Ipad,True
B09G9CJM1Z,"Reviewed in the United States on September 29, 2023",5.0,I've never had an iPad before so I'm new at it. I like the size of the screen and it's clarity. Only problem I had,Works for me,True
B09G9CJM1Z,"Reviewed in the United States on October 7, 2023",4.0,"The display really doesn't look great by today's standards and the screen-to-body ratio is ridiculously low. And the price isn't cheap, I think this ipad","Expected, except that the display isn't too good",True
B09G9CJM1Z,"Reviewed in the United States on November 10, 2023",5.0,I received my iPad brand new and in perfect condition. Great buy for improving my productivity at work.,Perfect!!!!,True
B09G9CJM1Z,"Reviewed in the United States on November 13, 2023",5.0,The media could not be loaded. my husband bought me this iPad after telling him I been wanting one! He surprised me with overnight shipping,I LOVE IT!!!,True
B09G9CJM1Z,"Reviewed in the United States on October 27, 2023",5.0,"For $249 each we bought two of these, replacing our existing7 and 5 year-old units. Great value!",What a buy!,True
B09G9CJM1Z,"Reviewed in the United States on September 29, 2023",5.0,I had 2 Apple mini iPads that were old and not working that great anymore. I bought the iPad because the price was good and,So Far So Good,True
B09G9CJM1Z,"Reviewed in the United States on October 18, 2023",5.0,I just found out my heart isn't doing well so I decided I wanted to try Apple products and Wow I love my iPhone 11,Great product for the price,True
B09G9CJM1Z,"Reviewed in the United States on October 6, 2023",5.0,I bought it for specific uses and it is holding up so smoothly. Doesn‚Äôt slow down doesn‚Äôt hiccup when loading something and is a total,Smooth tablet,True
B09G9CJM1Z,"Reviewed in the United States on October 14, 2023",5.0,Came in original box in amazing condition! Will be purchasing 3 more for my kids for christmas,Like brand new,True
B09G9CJM1Z,"Reviewed in the United States on October 18, 2023",5.0,Love the options love the increase battery life charges easily great performance great quality for the price,Nice size 10.2,True
B0BJLFC67L,"Reviewed in the United States on July 20, 2023",5.0,"It‚Äôs an iPad Pro, wut more is there to say, iykyk",Very nice tablet,True
B0BJLFC67L,"Reviewed in the United States on August 3, 2023",5.0,Cool,Cool,True
B0BJLFC67L,"Reviewed in the United States on July 3, 2023",5.0,"This is the best Apple ipad yet! It‚Äôs totally amazing, all that it does to save time, and ease of using!",The Best Yet,True
B0BJLFC67L,"Reviewed in the United States on July 19, 2023",5.0,Great product. Fast delivery. So glad I bought it,I like this ipad very much,True
B0BJLFC67L,"Reviewed in the United States on July 5, 2023",5.0,Make payments and deposit to her account and read the email and text,My wife love it and it is easy to use thanks,True
B0BJLFC67L,"Reviewed in the United States on July 1, 2023",5.0,El iPad es todo lo que un amante de las tablets que desea usarla en momentos como la mejor tablet del mercado pueden pedir.,Posiblemente el mejor dispositivo port√°til que he comprado,True
B0BJLFC67L,"Reviewed in the United States on June 22, 2023",5.0,"Cumple su funci√≥n, aunque la bater√≠a y la memoria es limitante, recomiendo mayor o igual a 512GB, si vas a usar la tablet para dise√±o.",Buen equipo,True
B0BJLFC67L,"Reviewed in the United States on January 18, 2023",5.0,"Had to order it twice, the first one sent was an 11 and 4th generation 128 mb I ordered 12.9 256 mb 6th generation which",Very Nice-My Wife is happy,True
B0BJLFC67L,"Reviewed in the United States on December 20, 2022",5.0,"I was going back and forth a lot, wondering if I should get the 12.9in or not, because the reviews of its size are so",I Love this Thing!,True
B09G91LXFP,"Reviewed in the United States on July 24, 2023",4.0,Works great it's an expensive apple hopefully you get what you pay for,Still working after warranty,True
B09G91LXFP,"Reviewed in the United States on August 12, 2023",4.0,The products are good and timely,Good Product,True
B09G91LXFP,"Reviewed in the United States on July 30, 2023",5.0,"Love my mini iPad, will be using it to watch videos. It has a great camera also.",Beautiful Table,True
B09G91LXFP,"Reviewed in the United States on May 25, 2023",4.0,It‚Äôs just a replica of my iPhone 11 not really many features I‚Äôve discovered yet. I‚Äôm waiting for my pencil to come in and put,Love it.,True
B09G91LXFP,"Reviewed in the United States on August 24, 2023",5.0,Easy to set up. Very happy with purchase.,Works well.  Great price.,True
B09G91LXFP,"Reviewed in the United States on July 9, 2023",5.0,I know apple will come out with a new iPad mini but this is a solid purchase. I‚Äôve been looking for a new tablet for,Good purchase,True
B09G91LXFP,"Reviewed in the United States on July 21, 2023",5.0,"Nada que decir del mini ipad, divino, potente, siempre con innovaciones que superan al modelo anterior. Impecable. ‚ù§Ô∏è Tres estrellas por campe√≥n",Divino,True
B09G91LXFP,"Reviewed in the United States on August 13, 2023",5.0,Well what a nice 77th birthday present to myself. Easy to hold and read books and surf. I got an amazing amazon prime day deal,Happy Birthday to me!,True
B09G91LXFP,"Reviewed in the United States on August 26, 2023",5.0,Excellent product. Easy to use,Easy to set up and transfer data,True
B09G9CJM1Z,"Reviewed in the United States on October 23, 2023",4.0,"This iPad is excellent, larger than expected. Easy to use, great price. If you hope to split the audio left and right, you'll need to",Great price but no headphone jack,True
B09G9CJM1Z,"Reviewed in the United States on October 25, 2023",3.0,"I thought it would be nice to have a tablet for reading and art, so after some research I found that this iPad would make",Locked Out of Device After Opting Not to Make a Password - Edit - Amazon Support Helped!,True
B09G9CJM1Z,"Reviewed in the United States on October 13, 2023",5.0,A great little device that was a great upgrade from my iPad Air 2. Bigger screen and more responsive. The headphone jack is a huge,"Great Device, last version with headphone jack",True
B09G9CJM1Z,"Reviewed in the United States on October 26, 2023",5.0,"Producto completamente nuevo y sin da√±os, embalado perfecto que hasta la caja esta en perfectas condiciones.",En perfectas condiciones,True
B09G9CJM1Z,"Reviewed in the United States on August 5, 2023",5.0,My previous iPad still operates [testimony to Apple‚Äôs amazing quality] but it is so old (2012 3rd Gen) it will only run a couple of,Rekindled My Fondness for Apple iPad,True
B09G9CJM1Z,"Reviewed in the United States on September 24, 2023",4.0,"Being a Windows/Android user, the iPad takes some getting used to.After some internet searches, I was able to familiarize myself with its nuances.I use it",Not Bad After All,True
B09G9CJM1Z,"Reviewed in the United States on March 26, 2023",5.0,"I have had my iPad 9th Generation 64GB Wi-Fi since the end of November, 2022. It has been about 5 months. I upgraded from an","Apple does it again, the best of Apple in a great price!",True
B09G9CJM1Z,"Reviewed in the United States on August 13, 2023",5.0,Has lots of storage for all my toddlers games. Easy to find and has a very large bulky size but hey she doesn‚Äôt carry it,Great product at a great price,True
B09G9CJM1Z,"Reviewed in the United States on October 9, 2023",5.0,Easy to hookup to the internet via wifi. No USB ports. I've yet to try the charge port as a USB. Powers up fast. Stays,Works 100%,True
B09G9CJM1Z,"Reviewed in the United States on November 15, 2023",5.0,"Not to large but big enough for an old guy to see! Lightweight, images very clear.",Views are excellent,True
B0BJLFC67L,"Reviewed in the United States on July 7, 2023",5.0,"Nice iPad, not not practical for the price.",Battery does not last as long as it should for the price of the item.,True
B0BJLFC67L,"Reviewed in the United States on January 17, 2023",4.0,Screen is beautiful. And this iPad definitely charges faster than my previous. The only design flaw is that the volume up/down buttons change when you,Amazing! Except the volume button!,True
B0BJLFC67L,"Reviewed in the United States on June 9, 2023",5.0,"Great purchase, does what I need big enough to see and not too big to be bulky to carry every where.",Functional,True
B0BJLFC67L,"Reviewed in the United States on April 27, 2023",5.0,"so happy with my ipad! üòä very skeptical at first bc i‚Äôm not used to buying electronics online, especially this being my first expensive electronic",i love my ipad!,True
B0BJLFC67L,"Reviewed in the United States on May 25, 2023",5.0,"The graphics are amazing, processing speed lightening fast. I am so impressed with how long my new iPad 12.9 holds a charge with heavy gaming",Excellent iPad,True
B0BJLFC67L,"Reviewed in the United States on June 28, 2023",5.0,Display is amazing. Uses USB C to charge.,Nice!,True
B0BJLFC67L,"Reviewed in the United States on May 4, 2023",5.0,"I was able to copy my other tablet,‚Ä¶1st time‚Ä¶.but can‚Äôt get the money for buying stuff while playing games. Spent hours trying, finally gave up.",Not sure,True
B0BJLFC67L,"Reviewed in the United States on August 8, 2023",3.0,The item did not include magic keyboard and pen per the ad. Very disappointed!!,IPAD PRO,True
B0BJLFC67L,"Reviewed in the United States on May 22, 2023",5.0,Synching my Series 2 iPad to this new one could not have been easier.,Apple iPad has never been better!,True
B0BJLFC67L,"Reviewed in the United States on May 11, 2023",5.0,"It‚Äôs great for people that have bad eye sight, I love it. The battery does die quickly but that‚Äôs my only complaint.",Spend the money!,True
B09G91LXFP,"Reviewed in the United States on August 11, 2023",5.0,I use this mini everyday. makes my tasks easier and has great battery life. A lot less weight and size than the ipad 9th gen,excellent ipad mini without the bulk of a full ipad,True
B09G91LXFP,"Reviewed in the United States on July 13, 2023",5.0,I live the removal of the home button where they moved biometric scanner to the power button. It's more natural. Easier to use. It's an,"What can I say, it's an iPad",True
B09G91LXFP,"Reviewed in the United States on July 17, 2022",5.0,"If you want a through review of the iPad Mini, I highly suggest watching review videos on YouTube. This review is just based on my",It's Apple and Apple usually means quality.,True
B09G91LXFP,"Reviewed in the United States on May 18, 2022",5.0,My order was shipped out quickly and actually arrived before the expected delivery date. It was packed safely and secure and arrived in perfect condition,Amazing product that is definitely worth buying! Extremely happy with my new iPad!,True
B09G91LXFP,"Reviewed in the United States on August 12, 2023",5.0,This was a great upgrade from my older Mini. The screen and response were significantly better than my older Mini.,Sharp screen and excellent WiFi connectivity,True
B09G91LXFP,"Reviewed in the United States on August 6, 2023",5.0,"Purchased 2 for my daycare. They work perfectly, I got a great price during the July sale days. My kids love playing on the these.",Perfect!!,True
B09G91LXFP,"Reviewed in the United States on June 29, 2023",5.0,"As a full time student and working a full time job. Time is money, this saves time.Keep me organized in both school and work (notes)Best",Best tool for school,True
B09G91LXFP,"Reviewed in the United States on July 4, 2023",5.0,"New features were great, but my wife had difficulty adjusting, so had to return. If it had been for me, there would‚Äôve been no problem",Can‚Äôt be an Apple product,True
B09G91LXFP,"Reviewed in the United States on August 3, 2023",5.0,Awesome for someone who wants a tablet without the size.,Perfect size,True
B09G91LXFP,"Reviewed in the United States on April 9, 2023",4.0,I have both an iPad Air and the Mini and this is usually my goto device. Bought the Mini around release and is still sees,The best form factor,True
B09G91LXFP,"Reviewed in the United States on July 18, 2023",4.0,Ipad is great but the seller sent the wrong colorüíÄüíÄ,Sent wrong colorüòï,True
B09G91LXFP,"Reviewed in the United States on March 13, 2022",5.0,"This has to be my favorite tablet in quite a long time - I enjoy the small form factor, rounded edges and quick charging! Incredibly",Love the screen and size! Powerful and Portable!,True
B09G91LXFP,"Reviewed in the United States on November 19, 2023",3.0,No GPS.Battery does not last,No gps,True
B09G91LXFP,"Reviewed in the United States on July 16, 2023",5.0,"Yo hubiera dado m√°s dinero con tal de tener una pantalla amoled, pero el tama√±o,las c√°maras, la bater√≠a, sonido y el rendimiento en general son",Solo le falto una cosa.,True
B09G91LXFP,"Reviewed in the United States on August 8, 2023",5.0,Great I-Pad.,VERY PLEASED,True
B09G91LXFP,"Reviewed in the United States on August 9, 2023",5.0,"Love this tablet, it's my first Apple product, love the size. Shipping was fast and secure, they ask for a password at delivery",Purple Mini,True
B09G91LXFP,"Reviewed in the United States on August 2, 2023",5.0,Nice step up from the 5th gen Mini,Recommended,True
B09G91LXFP,"Reviewed in the United States on July 6, 2023",5.0,It's Apple so that means exceptional build quality and appearance. Works just like my larger iPads and integrates with all my Apple devices. So easy,Superb tablet,True
B09G91LXFP,"Reviewed in the United States on August 13, 2023",5.0,Great price for this,Great price,True
B09G91LXFP,"Reviewed in the United States on July 29, 2023",5.0,Easy to transfer data from older iPad and work great,Easy,True
